{
    "Occupancy": {
        "Number of Occupants (-)": 3.0,
        "weekday_fractions": [0.061, 0.061, 0.061, 0.061, 0.061, 0.061, 0.061, 0.053, 0.025, 0.015, 0.015, 0.015, 0.015, 0.015, 0.015, 0.015, 0.018, 0.033, 0.054, 0.054, 0.054, 0.061, 0.061, 0.061],
        "weekend_fractions": [0.061, 0.061, 0.061, 0.061, 0.061, 0.061, 0.061, 0.053, 0.025, 0.015, 0.015, 0.015, 0.015, 0.015, 0.015, 0.015, 0.018, 0.033, 0.054, 0.054, 0.054, 0.061, 0.061, 0.061],
        "month_multipliers": [1.0, 1.0, 1.0, 1.0, 1.0, 1.0, 1.0, 1.0, 1.0, 1.0, 1.0, 1.0]
    },
    "Construction": {
        "Number of Bedrooms (-)": 3,
        "Number of Bathrooms (-)": 2,
        "House Type": "single-family detached",
        "Total Floors": 2.0,
        "Indoor Floors": 2.0,
        "Conditioned Floor Area (m^2)": 178.18803071999997,
        "Conditioned Volume (m^3)": 457.9683599324159,
        "Ceiling Height (m)": 2.5701409801876953,
        "Foundation Type": null,
        "First Floor Area (m^2)": 77.01662015999999,
        "Attic Floor Area (m^2)": 101.17141056,
        "Garage Floor Area (m^2)": 42.735398399999994,
        "Garage Protruded Area (m^2)": 11.752270530219803,
        "Indoor Floor Area (m^2)": 178.18803071999997,
        "Number of Bedrooms, Adjusted (-)": 2.5900000000000003
    },
    "Boundaries": {
        "Exterior Wall": {
            "Interior Zone": "Indoor",
            "Exterior Zone": "Outdoor",
            "Area (m^2)": [
                39.85540416,
                23.0083668864,
                51.003768959999995,
                41.434755839999994
            ],
            "Azimuth (deg)": [
                135,
                45,
                315,
                225
            ],
            "Boundary R Value": 11.864,
            "Exterior Solar Absorptivity (-)": 0.3,
            "Exterior Emissivity (-)": 0.9,
            "Finish Type": "vinyl siding",
            "Construction Type": "WoodStud"
        },
        "Attic Wall": {
            "Interior Zone": "Attic",
            "Exterior Zone": "Outdoor",
            "Area (m^2)": [
                14.75416404,
                14.75416404
            ],
            "Azimuth (deg)": [
                315,
                135
            ],
            "Boundary R Value": 2.624,
            "Exterior Solar Absorptivity (-)": 0.3,
            "Exterior Emissivity (-)": 0.9,
            "Finish Type": "vinyl siding",
            "Construction Type": "WoodStud"
        },
        "Garage Attached Wall": {
            "Interior Zone": "Indoor",
            "Exterior Zone": "Garage",
            "Area (m^2)": [
                10.86965568,
                16.722547199999998,
                5.41903413739392
            ],
            "Azimuth (deg)": [
                315,
                225,
                45
            ],
            "Boundary R Value": 10.98,
            "Construction Type": "WoodStud",
            "Finish Type": "vinyl siding"
        },
        "Garage Wall": {
            "Interior Zone": "Garage",
            "Exterior Zone": "Outdoor",
            "Area (m^2)": [
                19.230929279999998,
                13.037083417393918,
                8.361273599999999
            ],
            "Azimuth (deg)": [
                135,
                45,
                315
            ],
            "Boundary R Value": 2.624,
            "Exterior Solar Absorptivity (-)": 0.3,
            "Exterior Emissivity (-)": 0.9,
            "Finish Type": "vinyl siding",
            "Construction Type": "WoodStud"
        },
        "Attic Floor": {
            "Interior Zone": "Indoor",
            "Exterior Zone": "Attic",
            "Area (m^2)": [
                101.17141056
            ],
            "Boundary R Value": 19.422
        },
        "Garage Interior Ceiling": {
            "Interior Zone": "Indoor",
            "Exterior Zone": "Garage",
            "Area (m^2)": [
                24.1547904
            ],
            "Boundary R Value": 20.151
        },
        "Floor": {
            "Interior Zone": "Indoor",
            "Exterior Zone": "Ground",
            "Area (m^2)": [
                77.01662015999999
            ],
            "Insulation Details": "Uninsulated"
        },
        "Garage Floor": {
            "Interior Zone": "Garage",
            "Exterior Zone": "Ground",
            "Area (m^2)": [
                42.735398399999994
            ],
            "Insulation Details": "Uninsulated"
        },
        "Attic Roof": {
            "Interior Zone": "Attic",
            "Exterior Zone": "Outdoor",
            "Area (m^2)": [
                58.563252163583996,
                58.563252163583996
            ],
            "Azimuth (deg)": [
                45,
                225
            ],
            "Boundary R Value": 2.266,
            "Exterior Solar Absorptivity (-)": 0.8,
            "Exterior Emissivity (-)": 0.91,
            "Finish Type": "asphalt or fiberglass shingles",
            "Construction Type": "Pitched",
            "Tilt (deg)": 30.25643716352927,
            "Radiant Barrier": false
        },
        "Garage Roof": {
            "Interior Zone": "Garage",
            "Exterior Zone": "Outdoor",
            "Area (m^2)": [
                10.755262680399358,
                10.755262680399358
            ],
            "Azimuth (deg)": [
                315,
                135
            ],
            "Boundary R Value": 2.2,
            "Exterior Solar Absorptivity (-)": 0.8,
            "Exterior Emissivity (-)": 0.91,
            "Finish Type": "asphalt or fiberglass shingles",
            "Construction Type": "Pitched",
            "Tilt (deg)": 30.25643716352927,
            "Radiant Barrier": false
        },
        "Window": {
            "Interior Zone": "Indoor",
            "Exterior Zone": "Outdoor",
            "Area (m^2)": [
                1.3935456,
                6.968657030399998,
                1.11483648,
                10.683849600000002
            ],
            "Azimuth (deg)": [
                135,
                45,
                315,
                225
            ],
            "U Factor (W/m^2-K)": 0.33,
            "SHGC (-)": 0.2,
            "Shading Fraction (-)": 0.7
        },
        "Garage Door": {
            "Interior Zone": "Garage",
            "Exterior Zone": "Outdoor",
            "Area (m^2)": [
                9.10449792
            ],
            "Azimuth (deg)": [
                45
            ],
            "Boundary R Value": 5.0
        },
        "Interior Wall": {
            "Area (m^2)": [
                178.18803071999997
            ],
            "Interior Zone": "Indoor",
            "Exterior Zone": "Indoor",
            "Insulation Level": "Standard"
        },
        "Indoor Furniture": {
            "Area (m^2)": [
                71.27521228799999
            ],
            "Interior Zone": "Indoor",
            "Exterior Zone": "Indoor",
            "Insulation Level": "Standard"
        },
        "Garage Furniture": {
            "Area (m^2)": [
                4.27353984
            ],
            "Interior Zone": "Garage",
            "Exterior Zone": "Garage",
            "Insulation Level": "Standard"
        }
    },
    "Zones": {
        "Indoor": {
            "Zone Area (m^2)": 178.18803071999997,
            "Volume (m^3)": 457.9683599324159,
            "ELA stack coefficient (L/s/cm^4/K)": 0.00018897420809950248,
            "ELA wind coefficient (L/s/cm^4/(m/s))": 0.0001538064700393756,
            "Ventilation Rate (cfm)": 82.89,
            "Ventilation Type": "exhaust only",
            "Balanced Ventilation": false,
            "Sensible Recovery Efficiency (-)": 0,
            "Latent Recovery Efficiency (-)": 0,
            "Infiltration Method": "ASHRAE",
            "inf_f_t": 0.6191611168240575,
            "inf_sft": 0.30958055841202875,
            "inf_n_i": 0.65,