{
    "Occupancy": {
        "Number of Occupants (-)": 3.0,
        "weekday_fractions": [0.061, 0.061, 0.061, 0.061, 0.061, 0.061, 0.061, 0.053, 0.025, 0.015, 0.015, 0.015, 0.015, 0.015, 0.015, 0.015, 0.018, 0.033, 0.054, 0.054, 0.054, 0.061, 0.061, 0.061],
        "weekend_fractions": [0.061, 0.061, 0.061, 0.061, 0.061, 0.061, 0.061, 0.053, 0.025, 0.015, 0.015, 0.015, 0.015, 0.015, 0.015, 0.015, 0.018, 0.033, 0.054, 0.054, 0.054, 0.061, 0.061, 0.061],
        "month_multipliers": [1.0, 1.0, 1.0, 1.0, 1.0, 1.0, 1.0, 1.0, 1.0, 1.0, 1.0, 1.0]
    },
    "Construction": {
        "Number of Bedrooms (-)": 3,
        "Number of Bathrooms (-)": 2,
        "House Type": "single-family detached",
        "Total Floors": 1.0,
        "Indoor Floors": 1.0,
        "Conditioned Floor Area (m^2)": 111.48364799999999,
        "Conditioned Volume (m^3)": 271.84172728319993,
        "Ceiling Height (m)": 2.4383999999999997,
        "Foundation Type": null,
        "First Floor Area (m^2)": 111.48364799999999,
        "Attic Floor Area (m^2)": 111.48364799999999,
        "Garage Floor Area (m^2)": 0,
        "Garage Protruded Area (m^2)": 0,
        "Indoor Floor Area (m^2)": 111.48364799999999,
        "Number of Bedrooms, Adjusted (-)": 2.5900000000000003
    },
    "Boundaries": {
        "Exterior Wall": {
            "Interior Zone": "Indoor",
            "Exterior Zone": "Outdoor",
            "Area (m^2)": [
                18.95222016,
                23.411566079999997,
                18.95222016,
                25.269626879999997
            ],
            "Azimuth (deg)": [
                90,
                0,
                270,
                180
            ],
            "Boundary R Value": 11.864,
            "Exterior Solar Absorptivity (-)": 0.75,
            "Exterior Emissivity (-)": 0.9,
            "Finish Type": "vinyl siding",
            "Construction Type": "WoodStud"
        },
        "Attic Wall": {
            "Interior Zone": "Attic",
            "Exterior Zone": "Outdoor",
            "Area (m^2)": [
                13.42448928,
                13.42448928
            ],
            "Azimuth (deg)": [
                270,
                90
            ],
            "Boundary R Value": 2.624,
            "Exterior Solar Absorptivity (-)": 0.75,
            "Exterior Emissivity (-)": 0.9,
            "Finish Type": "vinyl siding",
            "Construction Type": "WoodStud"
        },
        "Attic Floor": {
            "Interior Zone": "Indoor",
            "Exterior Zone": "Attic",
            "Area (m^2)": [
                111.48364799999999
            ],
            "Boundary R Value": 31.261
        },
        "Floor": {
            "Interior Zone": "Indoor",
            "Exterior Zone": "Ground",
            "Area (m^2)": [
                111.48364799999999
            ],
            "Insulation Details": "Uninsulated"
        },
        "Attic Roof": {
            "Interior Zone": "Attic",
            "Exterior Zone": "Outdoor",
            "Area (m^2)": [
                62.32125445401599,
                62.32125445401599
            ],
            "Azimuth (deg)": [
                0,
                180
            ],
            "Boundary R Value": 2.194,
            "Exterior Solar Absorptivity (-)": 0.85,
            "Exterior Emissivity (-)": 0.91,
            "Finish Type": "asphalt or fiberglass shingles",
            "Construction Type": "Pitched",
            "Tilt (deg)": 26.56505117707799,
            "Radiant Barrier": false
        },
        "Window": {
            "Interior Zone": "Indoor",
            "Exterior Zone": "Outdoor",
            "Area (m^2)": [
                4.45934592,
                3.3445094399999995,
                4.45934592,
                3.3445094399999995
            ],
            "Azimuth (deg)": [
                0,
                90,
                180,
                270
            ],
            "U Factor (W/m^2-K)": 0.37,
            "SHGC (-)": 0.3,
            "Shading Fraction (-)": 0.7
        },
        "Door": {
            "Interior Zone": "Indoor",
            "Exterior Zone": "Outdoor",
            "Area (m^2)": [
                1.8580607999999998
            ],
            "Azimuth (deg)": [
                0
            ],
            "Boundary R Value": 5.0
        },
        "Interior Wall": {
            "Area (m^2)": [
                111.48364799999999
            ],
            "Interior Zone": "Indoor",
            "Exterior Zone": "Indoor",
            "Insulation Level": "Standard"
        },
        "Indoor Furniture": {
            "Area (m^2)": [
                44.5934592
            ],
            "Interior Zone": "Indoor",
            "Exterior Zone": "Indoor",
            "Insulation Level": "Standard"
        }
    },
    "Zones": {
        "Indoor": {
            "Zone Area (m^2)": 111.48364799999999,
            "Volume (m^3)": 271.84172728319993,
            "ELA stack coefficient (L/s/cm^4/K)": 8.9643858562999e-05,
            "ELA wind coefficient (L/s/cm^4/(m/s))": 0.00011413577917306574,
            "Ventilation Rate (cfm)": 56.99,
            "Ventilation Type": "exhaust only",
            "Balanced Ventilation": false,
            "Sensible Recovery Efficiency (-)": 0,
            "Latent Recovery Efficiency (-)": 0,
            "Infiltration Method": "ASHRAE",
            "inf_f_t": 0.5254720692073672,
            "inf_sft": 0.2627360346036836,
            "inf_n_i": 0.65,
            "inf_c": 0.029419015337051647,
            "inf_Cs": 0.056860661976270425,
            "inf_Cw": 0.16323354494299264
        },
        "Attic": {
            "Zone Area (m^2)": 111.48364799999999,
            "Volume (m^3)": 144.41591761919997,
            "Vented": true,
            "Infiltration Method": "ELA",
            "ELA (cm^2)": 3712.4054784,
            "ELA stack coefficient (L/s/cm^4/K)": 0.00018007560260164938,
            "ELA wind coefficient (L/s/cm^4/(m/s))": 6.050706166642933e-05
        }
    },
    "Equipment": {
        "HVAC Heating": {
            "Equipment Name": "air-to-air",
            "Fuel": "Electricity",
            "Capacity (W)": 4210.552653333333,
            "EIR (-)": 0.3868640766993623,
            "Rated Efficiency": "8.82 HSPF",
            "SHR (-)": null,
            "Conditioned Space Fraction (-)": 1.0,
            "Number of Speeds (-)": 1,
            "Rated Auxiliary Power (W)": 157.1390625,
            "Weekday Setpoints (C)": [18.33333333333337, 18.33333333333337, 18.33333333333337, 18.33333333333337, 18.33333333333337, 18.33333333333337, 21.666666666666686, 21.666666666666686, 21.666666666666686, 21.666666666666686, 21.666666666666686, 21.666666666666686, 21.666666666666686, 21.666666666666686, 21.666666666666686, 21.666666666666686, 21.666666666666686, 21.666666666666686, 21.666666666666686, 21.666666666666686, 21.666666666666686, 21.666666666666686, 21.666666666666686, 18.33333333333337],
            "Weekend Setpoints (C)": [18.33333333333337, 18.33333333333337, 18.33333333333337, 18.33333333333337, 18.33333333333337, 18.33333333333337, 21.666666666666686, 21.666666666666686, 21.666666666666686, 21.666666666666686, 21.666666666666686, 21.666666666666686, 21.666666666666686, 21.666666666666686, 21.666666666666686, 21.666666666666686, 21.666666666666686, 21.666666666666686, 21.666666666666686, 21.666666666666686, 21.666666666666686, 21.666666666666686, 21.666666666666686, 18.33333333333337],
            "Supplemental Heater EIR (-)": 1.0,
            "Supplemental Heater Capacity (W)": 11014.198497777777,
            "Supplemental Heater Cut-in Temperature (C)": null,
            "Ducts": {
                "Zone": "Attic",
                "Supply Leakage (-)": 0.06,
                "Supply Area (ft^2)": 324.0,
                "Supply R Value": 8.0,
                "Return Leakage (-)": 0.04,
                "Return Area (ft^2)": 60.0,