{
    "Occupancy": {
        "Number of Occupants (-)": 4.0,
        "weekday_fractions": [0.061, 0.061, 0.061, 0.061, 0.061, 0.061, 0.061, 0.053, 0.025, 0.015, 0.015, 0.015, 0.015, 0.015, 0.015, 0.015, 0.018, 0.033, 0.054, 0.054, 0.054, 0.061, 0.061, 0.061],
        "weekend_fractions": [0.061, 0.061, 0.061, 0.061, 0.061, 0.061, 0.061, 0.053, 0.025, 0.015, 0.015, 0.015, 0.015, 0.015, 0.015, 0.015, 0.018, 0.033, 0.054, 0.054, 0.054, 0.061, 0.061, 0.061],
        "month_multipliers": [1.0, 1.0, 1.0, 1.0, 1.0, 1.0, 1.0, 1.0, 1.0, 1.0, 1.0, 1.0]
    },
    "Construction": {
        "Number of Bedrooms (-)": 4,
        "Number of Bathrooms (-)": 2,
        "House Type": "single-family detached",
        "Total Floors": 4.0,
        "Indoor Floors": 3.0,
        "Conditioned Floor Area (m^2)": 248.79434111999998,
        "Conditioned Volume (m^3)": 606.6601213870078,
        "Ceiling Height (m)": 2.4383999999999997,
        "Foundation Type": "Finished Basement",
        "First Floor Area (m^2)": 62.198585279999996,
        "Attic Floor Area (m^2)": 62.198585279999996,
        "Garage Floor Area (m^2)": 0,
        "Garage Protruded Area (m^2)": 0,
        "Indoor Floor Area (m^2)": 186.59575583999998,
        "Number of Bedrooms, Adjusted (-)": 3.68
    },
    "Boundaries": {
        "Exterior Wall": {
            "Interior Zone": "Indoor",
            "Exterior Zone": "Outdoor",
            "Area (m^2)": [
                68.11650892800002,
                37.848698496,
                66.249157824,
                37.848698496
            ],
            "Azimuth (deg)": [
                270,
                0,
                90,
                180
            ],
            "Boundary R Value": 4.8,
            "Exterior Solar Absorptivity (-)": 0.85,
            "Exterior Emissivity (-)": 0.9,
            "Finish Type": "wood siding",
            "Construction Type": "WoodStud"
        },
        "Attic Wall": {
            "Interior Zone": "Attic",
            "Exterior Zone": "Outdoor",
            "Area (m^2)": [
                4.3199913599999995,
                4.3199913599999995
            ],
            "Azimuth (deg)": [
                0,
                180
            ],
            "Boundary R Value": 4.0,
            "Exterior Solar Absorptivity (-)": 0.85,
            "Exterior Emissivity (-)": 0.9,
            "Finish Type": "wood siding",
            "Construction Type": "WoodStud"
        },
        "Foundation Wall": {
            "Interior Zone": "Foundation",
            "Exterior Zone": "Ground",
            "Area (m^2)": [
                25.799174207999997,
                14.334939072,
                25.799174207999997,
                14.334939072
            ],
            "Azimuth (deg)": [
                270,
                0,
                90,
                180
            ],
            "Insulation Details": "Uninsulated",
            "Height (m)": 2.4383999999999997,
            "Construction Type": "Finished Basement"
        },
        "Attic Floor": {
            "Interior Zone": "Indoor",
            "Exterior Zone": "Attic",
            "Area (m^2)": [
                62.198585279999996
            ],
            "Boundary R Value": 20.6
        },
        "Foundation Floor": {
            "Interior Zone": "Foundation",
            "Exterior Zone": "Ground",
            "Area (m^2)": [
                62.198585279999996
            ],
            "Insulation Details": "Uninsulated"
        },
        "Attic Roof": {
            "Interior Zone": "Attic",
            "Exterior Zone": "Outdoor",
            "Area (m^2)": [
                34.773607872,
                34.773607872
            ],
            "Azimuth (deg)": [
                270,
                90
            ],
            "Boundary R Value": 2.3,
            "Exterior Solar Absorptivity (-)": 0.85,
            "Exterior Emissivity (-)": 0.9,
            "Finish Type": "asphalt or fiberglass shingles",
            "Construction Type": "Pitched",
            "Tilt (deg)": 26.56505117707799,
            "Radiant Barrier": false
        },
        "Rim Joist": {
            "Interior Zone": "Foundation",
            "Exterior Zone": "Outdoor",
            "Area (m^2)": [
                2.489801472,
                1.3842552959999999,
                2.489801472,
                1.3842552959999999
            ],
            "Azimuth (deg)": [
                270,
                0,
                90,
                180
            ],
            "Boundary R Value": 3.9,
            "Exterior Solar Absorptivity (-)": 0.85,
            "Exterior Emissivity (-)": 0.9,
            "Finish Type": "wood siding"
        },
        "Window": {
            "Interior Zone": "Indoor",
            "Exterior Zone": "Outdoor",
            "Area (m^2)": [
                5.15611872,
                9.290303999999999,
                5.15611872,
                9.281013695999999
            ],
            "Azimuth (deg)": [
                0,
                90,
                180,
                270
            ],
            "U Factor (W/m^2-K)": 0.38,
            "SHGC (-)": 0.44,
            "Shading Fraction (-)": 0.7
        },
        "Door": {
            "Interior Zone": "Indoor",
            "Exterior Zone": "Outdoor",
            "Area (m^2)": [
                1.8580607999999998
            ],
            "Azimuth (deg)": [
                90
            ],
            "Boundary R Value": 5.0
        },
        "Interior Wall": {
            "Area (m^2)": [
                186.59575583999998
            ],
            "Interior Zone": "Indoor",
            "Exterior Zone": "Indoor",
            "Insulation Level": "Standard"
        },
        "Indoor Furniture": {
            "Area (m^2)": [
                74.638302336
            ],
            "Interior Zone": "Indoor",
            "Exterior Zone": "Indoor",
            "Insulation Level": "Standard"
        },
        "Foundation Furniture": {
            "Area (m^2)": [
                24.879434112
            ],
            "Interior Zone": "Foundation",
            "Exterior Zone": "Foundation",
            "Insulation Level": "Standard"
        }
    },
    "Zones": {
        "Indoor": {
            "Zone Area (m^2)": 186.59575583999998,
            "Volume (m^3)": 454.9950910402559,
            "ELA stack coefficient (L/s/cm^4/K)": 0.000268931575688997,
            "ELA wind coefficient (L/s/cm^4/(m/s))": 0.00017712110373510295,
            "Infiltration Method": "ASHRAE",
            "inf_f_t": 0.6795803782001975,
            "inf_sft": 0.4757062647401383,
            "inf_n_i": 0.65,
            "inf_c": 0.19696030768156073,
            "inf_Cs": 0.12411460236981756,
            "inf_Cw": 0.14935713017546384
        },
        "Attic": {
            "Zone Area (m^2)": 62.198585279999996,
            "Volume (m^3)": 45.706393291233574,
            "Vented": true,
            "Infiltration Method": "ELA",
            "ELA (cm^2)": 2073.0788473824,
            "ELA stack coefficient (L/s/cm^4/K)": 0.00010215213070974475,
            "ELA wind coefficient (L/s/cm^4/(m/s))": 7.563121523966859e-05
        },
        "Foundation": {
            "Zone Type": "Finished Basement",
            "Zone Area (m^2)": 62.198585279999996,
            "Volume (m^3)": 151.66503034675196,
            "Vented": false,
            "Infiltration Method": null
        }
    },
    "Equipment": {
        "HVAC Heating": {
            "Equipment Name": "WallFurnace",
            "Fuel": "Natural gas",
            "Capacity (W)": 24462.352573333334,
            "EIR (-)": 1.6666666666666667,
            "Rated Efficiency": "0.6 AFUE",
            "SHR (-)": null,
            "Conditioned Space Fraction (-)": 1.0,
            "Number of Speeds (-)": 1,
            "Rated Auxiliary Power (W)": 0.0,